                  epoch,         train/box_loss,         train/cls_loss,         train/dfl_loss,   metrics/precision(B),      metrics/recall(B),       metrics/mAP50(B),    metrics/mAP50-95(B),           val/box_loss,           val/cls_loss,           val/dfl_loss,                 lr/pg0,                 lr/pg1,                 lr/pg2
                      1,                 1.4797,                 3.1932,                 1.3521,                0.58943,                0.40127,                0.46338,                0.31742,                 1.2185,                 1.2788,                 1.0875,              1.785e-05,              1.785e-05,              1.785e-05
                      2,                 1.5502,                 3.0848,                 1.3702,                 0.5504,                0.38833,                0.45486,                 0.3117,                 1.2443,                 1.3189,                 1.1032,             2.9586e-05,             2.9586e-05,             2.9586e-05
                      3,                 1.5513,                 2.9034,                 1.3653,                 0.5454,                0.37835,                0.44851,                0.30387,                  1.266,                 1.3446,                 1.1122,             3.3782e-05,             3.3782e-05,             3.3782e-05
                      4,                 1.4793,                 2.7545,                 1.3346,                0.57977,                0.36011,                0.44194,                0.30177,                 1.2756,                 1.3465,                 1.1198,             3.0438e-05,             3.0438e-05,             3.0438e-05
                      5,                 1.4492,                 2.6668,                 1.3203,                0.54349,                 0.3664,                0.42335,                0.29804,                 1.2942,                 1.4056,                 1.1326,             1.9554e-05,             1.9554e-05,             1.9554e-05
